# Ag_b,Pd_b,Pt_b,Ru_b,Ag_f,Pd_f,Pt_f,Ru_f,Ag_f3,Pd_f3,Pt_f3,Ru_f3,S_d
1.00,0.00,0.00,0.00,0.00,0.00,0.00,0.00,0.00,0.00,0.00,0.00,0.0000
0.90,0.10,0.00,0.00,0.00,0.00,0.00,0.00,0.00,0.00,0.00,0.00,0.0000
0.90,0.00,0.10,0.00,0.00,0.00,0.00,0.00,0.00,0.00,0.00,0.00,0.0000
0.90,0.00,0.00,0.10,0.00,0.00,0.00,0.00,0.00,0.00,0.00,0.00,0.0000
0.80,0.20,0.00,0.00,0.00,0.00,0.00,0.00,0.00,0.00,0.00,0.00,0.0000
0.80,0.10,0.10,0.00,0.00,0.00,0.00,0.00,0.00,0.00,0.00,0.00,0.0000
0.80,0.10,0.00,0.10,0.00,0.00,0.00,0.00,0.00,0.00,0.00,0.00,0.0000
0.80,0.00,0.20,0.00,0.00,0.00,0.00,0.00,0.00,0.00,0.00,0.00,0.0000
0.80,0.00,0.10,0.10,0.00,0.00,0.00,0.00,0.00,0.00,0.00,0.00,0.0000
0.80,0.00,0.00,0.20,0.00,0.00,0.00,0.00,0.00,0.00,0.00,0.00,0.0000
0.70,0.30,0.00,0.00,0.00,0.00,0.00,0.00,0.00,0.00,0.00,0.00,0.0000
0.70,0.20,0.10,0.00,0.00,0.00,0.00,0.00,0.00,0.00,0.00,0.00,0.0000
0.70,0.20,0.00,0.10,0.00,0.00,0.00,0.00,0.00,0.00,0.00,0.00,0.0000
0.70,0.10,0.20,0.00,0.00,0.00,0.00,0.00,0.00,0.00,0.00,0.00,0.0000
0.70,0.10,0.10,0.10,0.00,0.00,0.00,0.00,0.00,0.00,0.00,0.00,0.0000
0.70,0.10,0.00,0.20,0.00,0.00,0.00,0.00,0.00,0.00,0.00,0.00,0.0000
0.70,0.00,0.30,0.00,0.00,0.00,0.00,0.00,0.00,0.00,0.00,0.00,0.0000
0.70,0.00,0.20,0.10,0.00,0.00,0.00,0.00,0.00,0.00,0.00,0.00,0.0000
0.70,0.00,0.10,0.20,0.00,0.00,0.00,0.00,0.00,0.00,0.00,0.00,0.0000
0.70,0.00,0.00,0.30,0.00,0.00,0.00,0.00,0.00,0.00,0.00,0.00,0.0000
0.60,0.40,0.00,0.00,0.00,0.00,0.00,0.00,0.00,0.00,0.00,0.00,0.0000
0.60,0.30,0.10,0.00,0.00,0.00,0.00,0.00,0.00,0.00,0.00,0.00,0.0000
0.60,0.30,0.00,0.10,0.00,0.00,0.00,0.00,0.00,0.00,0.00,0.00,0.0000
0.60,0.20,0.20,0.00,0.00,0.00,0.00,0.00,0.00,0.00,0.00,0.00,0.0000
0.60,0.20,0.10,0.10,0.00,0.00,0.00,0.00,0.00,0.00,0.00,0.00,0.0000
0.60,0.20,0.00,0.20,0.00,0.00,0.00,0.00,0.00,0.00,0.00,0.00,0.0000
0.60,0.10,0.30,0.00,0.00,0.00,0.00,0.00,0.00,0.00,0.00,0.00,0.0000
0.60,0.10,0.20,0.10,0.00,0.00,0.00,0.00,0.00,0.00,0.00,0.00,0.0000
0.60,0.10,0.10,0.20,0.00,0.00,0.00,0.00,0.00,0.00,0.00,0.00,0.0000
0.60,0.10,0.00,0.30,0.00,0.00,0.00,0.00,0.00,0.00,0.00,0.00,0.0000
0.60,0.00,0.40,0.00,0.00,0.00,0.00,0.00,0.00,0.00,0.00,0.00,0.0000
0.60,0.00,0.30,0.10,0.00,0.00,0.00,0.00,0.00,0.00,0.00,0.00,0.0000
0.60,0.00,0.20,0.20,0.00,0.00,0.00,0.00,0.00,0.00,0.00,0.00,0.0000
0.60,0.00,0.10,0.30,0.00,0.00,0.00,0.00,0.00,0.00,0.00,0.00,0.0000
0.60,0.00,0.00,0.40,0.00,0.00,0.00,0.00,0.00,0.00,0.00,0.00,0.0000
0.50,0.50,0.00,0.00,0.00,0.00,0.00,0.00,0.00,0.00,0.00,0.00,0.0000
0.50,0.40,0.10,0.00,0.00,0.00,0.00,0.00,0.00,0.00,0.00,0.00,0.0000
0.50,0.40,0.00,0.10,0.00,0.00,0.00,0.00,0.00,0.00,0.00,0.00,0.0000
0.50,0.30,0.20,0.00,0.00,0.00,0.00,0.00,0.00,0.00,0.00,0.00,0.0000
0.50,0.30,0.10,0.10,0.00,0.00,0.00,0.00,0.00,0.00,0.00,0.00,0.0000
0.50,0.30,0.00,0.20,0.00,0.00,0.00,0.00,0.00,0.00,0.00,0.00,0.0000
0.50,0.20,0.30,0.00,0.00,0.00,0.00,0.00,0.00,0.00,0.00,0.00,0.0000
0.50,0.20,0.20,0.10,0.00,0.00,0.00,0.00,0.00,0.00,0.00,0.00,0.0000
0.50,0.20,0.10,0.20,0.00,0.00,0.00,0.00,0.00,0.00,0.00,0.00,0.0000
0.50,0.20,0.00,0.30,0.00,0.00,0.00,0.00,0.00,0.00,0.00,0.00,0.0000
0.50,0.10,0.40,0.00,0.00,0.00,0.00,0.00,0.00,0.00,0.00,0.00,0.0000
0.50,0.10,0.30,0.10,0.00,0.00,0.00,0.00,0.00,0.00,0.00,0.00,0.0000
0.50,0.10,0.20,0.20,0.00,0.00,0.00,0.00,0.00,0.00,0.00,0.00,0.0000
0.50,0.10,0.10,0.30,0.00,0.00,0.00,0.00,0.00,0.00,0.00,0.00,0.0000
0.50,0.10,0.00,0.40,0.00,0.00,0.00,0.00,0.00,0.00,0.00,0.00,0.0000
0.50,0.00,0.50,0.00,0.47,0.00,0.53,0.00,0.43,0.00,0.57,0.00,0.6183
0.50,0.00,0.40,0.10,0.00,0.00,0.00,0.00,0.00,0.00,1.00,0.00,0.0000
0.50,0.00,0.30,0.20,0.00,0.00,0.00,0.00,0.00,0.00,0.00,0.00,0.0000
0.50,0.00,0.20,0.30,0.00,0.00,0.00,0.00,0.00,0.00,0.00,0.00,0.0000
0.50,0.00,0.10,0.40,0.00,0.00,0.00,0.00,0.00,0.00,0.00,0.00,0.0000
0.50,0.00,0.00,0.50,0.00,0.00,0.00,0.00,0.00,0.00,0.00,0.00,0.0000
0.40,0.60,0.00,0.00,0.00,0.00,0.00,0.00,0.00,0.00,0.00,0.00,0.0000
0.40,0.50,0.10,0.00,0.00,0.00,0.00,0.00,0.00,0.00,0.00,0.00,0.0000
0.40,0.50,0.00,0.10,0.00,0.00,0.00,0.00,0.00,0.00,0.00,0.00,0.0000
0.40,0.40,0.20,0.00,0.00,0.00,0.00,0.00,0.00,0.00,0.00,0.00,0.0000
0.40,0.40,0.10,0.10,0.00,0.00,0.00,0.00,0.00,0.00,0.00,0.00,0.0000
0.40,0.40,0.00,0.20,0.00,0.00,0.00,0.00,0.00,0.00,0.00,0.00,0.0000
0.40,0.30,0.30,0.00,0.00,0.00,0.00,0.00,0.00,0.00,0.00,0.00,0.0000
0.40,0.30,0.20,0.10,0.00,0.00,0.00,0.00,0.00,0.00,0.00,0.00,0.0000
0.40,0.30,0.10,0.20,0.00,0.00,0.00,0.00,0.00,0.00,0.00,0.00,0.0000
0.40,0.30,0.00,0.30,0.00,0.00,0.00,0.00,0.00,0.00,0.00,0.00,0.0000
0.40,0.20,0.40,0.00,0.39,0.16,0.45,0.00,0.36,0.19,0.45,0.00,0.6250
0.40,0.20,0.30,0.10,0.34,0.28,0.38,0.00,0.35,0.20,0.39,0.07,0.3117
0.40,0.20,0.20,0.20,0.00,0.00,0.00,0.00,0.00,0.00,0.00,0.00,0.0000
0.40,0.20,0.10,0.30,0.00,0.00,0.00,0.00,0.00,0.00,0.00,0.00,0.0000
0.40,0.20,0.00,0.40,0.00,0.00,0.00,0.00,0.00,0.00,0.00,0.00,0.0000
0.40,0.10,0.50,0.00,0.40,0.11,0.49,0.00,0.38,0.09,0.53,0.00,0.7183
0.40,0.10,0.40,0.10,0.44,0.10,0.46,0.00,0.37,0.10,0.46,0.08,0.4550
0.40,0.10,0.30,0.20,0.41,0.15,0.44,0.00,0.36,0.10,0.40,0.15,0.2717
0.40,0.10,0.20,0.30,0.00,0.00,0.00,0.00,0.00,0.00,0.00,0.00,0.0000
0.40,0.10,0.10,0.40,0.00,0.00,0.00,0.00,0.00,0.00,0.00,0.00,0.0000
0.40,0.10,0.00,0.50,0.00,0.00,0.00,0.00,0.00,0.00,0.00,0.00,0.0000
0.40,0.00,0.60,0.00,0.40,0.00,0.60,0.00,0.38,0.00,0.62,0.00,0.7817
0.40,0.00,0.50,0.10,0.43,0.00,0.57,0.00,0.37,0.00,0.56,0.07,0.5133
0.40,0.00,0.40,0.20,0.50,0.00,0.50,0.00,0.36,0.00,0.50,0.14,0.3583
0.40,0.00,0.30,0.30,0.49,0.00,0.51,0.00,0.36,0.00,0.43,0.21,0.2533
0.40,0.00,0.20,0.40,0.00,0.00,0.00,0.00,0.00,0.00,1.00,0.00,0.0000
0.40,0.00,0.10,0.50,0.00,0.00,0.00,0.00,0.00,0.00,0.00,0.00,0.0000
0.40,0.00,0.00,0.60,0.00,0.00,0.00,0.00,0.00,0.00,0.00,0.00,0.0000
0.30,0.70,0.00,0.00,0.00,0.00,0.00,0.00,0.00,0.00,0.00,0.00,0.0000
0.30,0.60,0.10,0.00,0.00,0.00,0.00,0.00,0.00,0.00,0.00,0.00,0.0000
0.30,0.60,0.00,0.10,0.00,0.00,0.00,0.00,0.00,0.00,0.00,0.00,0.0000
0.30,0.50,0.20,0.00,0.00,0.00,0.00,0.00,0.00,0.00,0.00,0.00,0.0000
0.30,0.50,0.10,0.10,0.00,0.00,0.00,0.00,0.00,0.00,0.00,0.00,0.0000
0.30,0.50,0.00,0.20,0.00,0.00,0.00,0.00,0.00,0.00,0.00,0.00,0.0000
0.30,0.40,0.30,0.00,0.29,0.40,0.31,0.00,0.29,0.38,0.33,0.00,0.7133
0.30,0.40,0.20,0.10,0.29,0.44,0.27,0.00,0.27,0.40,0.25,0.08,0.4267
0.30,0.40,0.10,0.20,0.00,0.00,0.00,0.00,0.00,0.00,0.00,0.00,0.0000
0.30,0.40,0.00,0.30,0.00,0.00,0.00,0.00,0.00,0.00,0.00,0.00,0.0000
0.30,0.30,0.40,0.00,0.30,0.31,0.39,0.00,0.30,0.28,0.42,0.00,0.8250
0.30,0.30,0.30,0.10,0.32,0.33,0.35,0.00,0.30,0.30,0.33,0.07,0.5567
0.30,0.30,0.20,0.20,0.36,0.37,0.27,0.00,0.28,0.31,0.26,0.15,0.2900
0.30,0.30,0.10,0.30,0.00,0.00,0.00,0.00,0.00,0.00,0.00,0.00,0.0000
0.30,0.30,0.00,0.40,0.00,0.00,0.00,0.00,0.00,0.00,0.00,0.00,0.0000
0.30,0.20,0.50,0.00,0.30,0.21,0.49,0.00,0.30,0.19,0.51,0.00,0.8917
0.30,0.20,0.40,0.10,0.34,0.21,0.45,0.00,0.31,0.19,0.44,0.07,0.5817
0.30,0.20,0.30,0.20,0.32,0.28,0.40,0.00,0.30,0.20,0.36,0.14,0.3800
0.30,0.20,0.20,0.30,0.39,0.33,0.28,0.00,0.30,0.22,0.28,0.20,0.2700
0.30,0.20,0.10,0.40,0.00,0.00,0.00,0.00,0.00,0.00,0.00,0.00,0.0000
0.30,0.20,0.00,0.50,0.00,0.00,0.00,0.00,0.00,0.00,0.00,0.00,0.0000
0.30,0.10,0.60,0.00,0.29,0.11,0.60,0.00,0.30,0.10,0.60,0.00,0.9150
0.30,0.10,0.50,0.10,0.32,0.10,0.58,0.00,0.30,0.10,0.53,0.07,0.6483
0.30,0.10,0.40,0.20,0.35,0.14,0.51,0.00,0.31,0.10,0.45,0.14,0.4683
0.30,0.10,0.30,0.30,0.36,0.16,0.48,0.00,0.30,0.10,0.39,0.21,0.3367
0.30,0.10,0.20,0.40,0.40,0.17,0.43,0.00,0.29,0.12,0.31,0.28,0.2283
0.30,0.10,0.10,0.50,0.00,0.00,0.00,0.00,0.00,0.00,0.00,0.00,0.0000
0.30,0.10,0.00,0.60,0.00,0.00,0.00,0.00,0.00,0.00,0.00,0.00,0.0000
0.30,0.00,0.70,0.00,0.30,0.00,0.70,0.00,0.30,0.00,0.70,0.00,0.9350
0.30,0.00,0.60,0.10,0.32,0.00,0.68,0.00,0.31,0.00,0.63,0.07,0.6600
0.30,0.00,0.50,0.20,0.34,0.00,0.66,0.00,0.31,0.00,0.55,0.14,0.4733
0.30,0.00,0.40,0.30,0.44,0.00,0.56,0.00,0.31,0.00,0.49,0.21,0.3767
0.30,0.00,0.30,0.40,0.46,0.00,0.52,0.02,0.29,0.00,0.43,0.28,0.2550
0.30,0.00,0.20,0.50,0.52,0.00,0.48,0.00,0.29,0.00,0.39,0.33,0.1433
0.30,0.00,0.10,0.60,0.00,0.00,0.00,0.00,0.00,0.00,0.00,0.00,0.0000
0.30,0.00,0.00,0.70,0.00,0.00,0.00,0.00,0.00,0.00,0.00,0.00,0.0000
0.20,0.80,0.00,0.00,0.00,0.00,0.00,0.00,0.00,0.00,0.00,0.00,0.0000
0.20,0.70,0.10,0.00,0.00,0.00,0.00,0.00,0.00,0.00,0.00,0.00,0.0000
0.20,0.70,0.00,0.10,0.00,0.00,0.00,0.00,0.00,0.00,0.00,0.00,0.0000
0.20,0.60,0.20,0.00,0.22,0.59,0.19,0.00,0.20,0.57,0.23,0.00,0.7350
0.20,0.60,0.10,0.10,0.00,0.00,0.00,0.00,0.00,0.00,0.00,0.00,0.0000
0.20,0.60,0.00,0.20,0.00,0.00,0.00,0.00,0.00,0.00,0.00,0.00,0.0000
0.20,0.50,0.30,0.00,0.21,0.52,0.27,0.00,0.20,0.49,0.31,0.00,0.7300
0.20,0.50,0.20,0.10,0.23,0.58,0.19,0.00,0.22,0.48,0.23,0.07,0.4783
0.20,0.50,0.10,0.20,0.00,0.00,0.00,0.00,0.00,0.00,0.00,0.00,0.0000
0.20,0.50,0.00,0.30,0.00,0.00,0.00,0.00,0.00,0.00,0.00,0.00,0.0000
0.20,0.40,0.40,0.00,0.20,0.42,0.38,0.00,0.20,0.39,0.41,0.00,0.8783
0.20,0.40,0.30,0.10,0.21,0.45,0.34,0.00,0.21,0.40,0.33,0.07,0.5833
0.20,0.40,0.20,0.20,0.24,0.53,0.23,0.00,0.22,0.40,0.23,0.15,0.3867
0.20,0.40,0.10,0.30,0.00,0.00,0.00,0.00,0.00,0.00,0.00,0.00,0.0000
0.20,0.40,0.00,0.40,0.00,0.00,0.00,0.00,0.00,0.00,0.00,0.00,0.0000
0.20,0.30,0.50,0.00,0.20,0.31,0.49,0.00,0.20,0.29,0.51,0.00,0.9367
0.20,0.30,0.40,0.10,0.22,0.33,0.45,0.00,0.21,0.29,0.43,0.07,0.6250
0.20,0.30,0.30,0.20,0.24,0.35,0.41,0.00,0.21,0.30,0.34,0.14,0.5150
0.20,0.30,0.20,0.30,0.28,0.43,0.29,0.00,0.23,0.31,0.25,0.21,0.3833
0.20,0.30,0.10,0.40,0.20,0.57,0.23,0.00,0.22,0.35,0.16,0.27,0.1967
0.20,0.30,0.00,0.50,0.00,0.00,0.00,0.00,0.00,0.00,0.00,0.00,0.0000
0.20,0.20,0.60,0.00,0.20,0.21,0.59,0.00,0.21,0.20,0.59,0.00,0.9683
0.20,0.20,0.50,0.10,0.21,0.20,0.59,0.00,0.21,0.20,0.52,0.07,0.6417
0.20,0.20,0.40,0.20,0.25,0.24,0.51,0.00,0.21,0.21,0.44,0.14,0.5317
0.20,0.20,0.30,0.30,0.31,0.29,0.40,0.00,0.22,0.22,0.35,0.20,0.4267
0.20,0.20,0.20,0.40,0.28,0.37,0.34,0.01,0.22,0.24,0.28,0.27,0.2833
0.20,0.20,0.10,0.50,0.26,0.48,0.26,0.00,0.23,0.27,0.20,0.30,0.1150
0.20,0.20,0.00,0.60,0.00,0.00,0.00,0.00,0.00,0.00,0.00,0.00,0.0000
0.20,0.10,0.70,0.00,0.20,0.11,0.69,0.00,0.20,0.10,0.70,0.00,0.9767
0.20,0.10,0.60,0.10,0.21,0.10,0.69,0.00,0.21,0.11,0.62,0.07,0.6650
0.20,0.10,0.50,0.20,0.23,0.13,0.64,0.00,0.21,0.11,0.54,0.14,0.5517
0.20,0.10,0.40,0.30,0.28,0.15,0.57,0.00,0.22,0.11,0.46,0.20,0.4150
0.20,0.10,0.30,0.40,0.31,0.17,0.52,0.00,0.22,0.12,0.39,0.27,0.3133
0.20,0.10,0.20,0.50,0.33,0.21,0.45,0.01,0.23,0.12,0.31,0.34,0.2417
0.20,0.10,0.10,0.60,0.44,0.28,0.28,0.00,0.24,0.14,0.26,0.36,0.1000
0.20,0.10,0.00,0.70,0.00,0.00,0.00,0.00,0.00,0.00,0.00,0.00,0.0000
0.20,0.00,0.80,0.00,0.20,0.00,0.80,0.00,0.20,0.00,0.80,0.00,0.9817
0.20,0.00,0.70,0.10,0.20,0.00,0.80,0.00,0.21,0.00,0.72,0.07,0.6667
0.20,0.00,0.60,0.20,0.25,0.00,0.75,0.00,0.21,0.00,0.65,0.14,0.5817
0.20,0.00,0.50,0.30,0.30,0.00,0.70,0.00,0.22,0.00,0.58,0.20,0.4217
0.20,0.00,0.40,0.40,0.29,0.00,0.70,0.01,0.22,0.00,0.51,0.27,0.3400
0.20,0.00,0.30,0.50,0.40,0.00,0.55,0.05,0.23,0.00,0.43,0.34,0.2617
0.20,0.00,0.20,0.60,0.43,0.00,0.49,0.08,0.24,0.00,0.38,0.39,0.2017
0.20,0.00,0.10,0.70,0.47,0.00,0.44,0.09,0.22,0.00,0.37,0.41,0.0567
0.20,0.00,0.00,0.80,0.00,0.00,0.00,0.00,0.00,0.00,0.00,0.00,0.0000
0.10,0.90,0.00,0.00,0.00,0.00,0.00,0.00,0.00,0.00,0.00,0.00,0.0000
0.10,0.80,0.10,0.00,0.00,0.00,0.00,0.00,0.00,0.00,0.00,0.00,0.0000
0.10,0.80,0.00,0.10,0.00,0.00,0.00,0.00,0.00,0.00,0.00,0.00,0.0000
0.10,0.70,0.20,0.00,0.10,0.69,0.21,0.00,0.11,0.67,0.22,0.00,0.7267
0.10,0.70,0.10,0.10,0.11,0.75,0.14,0.00,0.12,0.67,0.14,0.08,0.4617
0.10,0.70,0.00,0.20,0.00,0.00,0.00,0.00,0.00,0.00,0.00,0.00,0.0000
0.10,0.60,0.30,0.00,0.11,0.62,0.27,0.00,0.11,0.58,0.31,0.00,0.7700
0.10,0.60,0.20,0.10,0.11,0.66,0.23,0.00,0.11,0.60,0.22,0.07,0.5767
0.10,0.60,0.10,0.20,0.12,0.80,0.08,0.00,0.12,0.62,0.12,0.15,0.4033
0.10,0.60,0.00,0.30,0.00,0.00,0.00,0.00,0.00,0.00,0.00,0.00,0.0000
0.10,0.50,0.40,0.00,0.10,0.53,0.37,0.00,0.10,0.49,0.41,0.00,0.9233
0.10,0.50,0.30,0.10,0.11,0.56,0.33,0.00,0.11,0.50,0.32,0.07,0.6183
0.10,0.50,0.20,0.20,0.14,0.60,0.26,0.00,0.12,0.51,0.23,0.14,0.5133
0.10,0.50,0.10,0.30,0.12,0.72,0.16,0.00,0.12,0.54,0.13,0.21,0.3600
0.10,0.50,0.00,0.40,0.00,0.00,0.00,0.00,0.00,0.00,0.00,0.00,0.0000
0.10,0.40,0.50,0.00,0.11,0.41,0.48,0.00,0.10,0.39,0.51,0.00,0.9650
0.10,0.40,0.40,0.10,0.11,0.44,0.45,0.00,0.11,0.40,0.43,0.07,0.6250
0.10,0.40,0.30,0.20,0.13,0.47,0.40,0.00,0.11,0.41,0.33,0.14,0.5067
0.10,0.40,0.20,0.30,0.17,0.55,0.28,0.00,0.11,0.44,0.25,0.20,0.4283
0.10,0.40,0.10,0.40,0.18,0.62,0.20,0.00,0.12,0.45,0.15,0.28,0.3000
0.10,0.40,0.00,0.50,0.00,0.00,0.00,0.00,0.00,0.00,0.00,0.00,0.0000
0.10,0.30,0.60,0.00,0.11,0.30,0.59,0.00,0.10,0.30,0.60,0.00,0.9817
0.10,0.30,0.50,0.10,0.10,0.32,0.58,0.00,0.11,0.31,0.52,0.07,0.6717
0.10,0.30,0.40,0.20,0.11,0.36,0.53,0.00,0.11,0.32,0.43,0.14,0.5333
0.10,0.30,0.30,0.30,0.15,0.44,0.41,0.00,0.12,0.33,0.36,0.20,0.4267
0.10,0.30,0.20,0.40,0.20,0.52,0.28,0.00,0.12,0.36,0.26,0.26,0.3383
0.10,0.30,0.10,0.50,0.16,0.62,0.21,0.01,0.13,0.39,0.14,0.34,0.1967
0.10,0.30,0.00,0.60,0.00,0.00,0.00,0.00,0.00,0.00,0.00,0.00,0.0000
0.10,0.20,0.70,0.00,0.11,0.20,0.69,0.00,0.10,0.20,0.70,0.00,0.9900
0.10,0.20,0.60,0.10,0.10,0.22,0.68,0.00,0.10,0.21,0.62,0.07,0.6933
0.10,0.20,0.50,0.20,0.12,0.25,0.63,0.00,0.11,0.22,0.54,0.14,0.5700
0.10,0.20,0.40,0.30,0.13,0.29,0.58,0.00,0.11,0.23,0.46,0.20,0.4800
0.10,0.20,0.30,0.40,0.16,0.29,0.55,0.00,0.12,0.24,0.37,0.27,0.3383
0.10,0.20,0.20,0.50,0.20,0.39,0.38,0.03,0.13,0.26,0.28,0.33,0.2833
0.10,0.20,0.10,0.60,0.18,0.54,0.25,0.03,0.13,0.28,0.19,0.40,0.2017
0.10,0.20,0.00,0.70,0.00,0.00,0.00,0.00,0.00,0.00,0.00,0.00,0.0000
0.10,0.10,0.80,0.00,0.11,0.10,0.79,0.00,0.10,0.10,0.79,0.00,0.9900
0.10,0.10,0.70,0.10,0.10,0.11,0.79,0.00,0.11,0.10,0.72,0.07,0.6850
0.10,0.10,0.60,0.20,0.12,0.13,0.75,0.00,0.11,0.11,0.65,0.14,0.5667
0.10,0.10,0.50,0.30,0.16,0.15,0.69,0.00,0.11,0.11,0.58,0.20,0.4467
0.10,0.10,0.40,0.40,0.19,0.14,0.66,0.01,0.12,0.11,0.50,0.27,0.3850
0.10,0.10,0.30,0.50,0.24,0.21,0.53,0.02,0.12,0.13,0.41,0.34,0.3067
0.10,0.10,0.20,0.60,0.20,0.27,0.42,0.11,0.13,0.15,0.34,0.39,0.2217
0.10,0.10,0.10,0.70,0.21,0.32,0.35,0.12,0.14,0.17,0.24,0.46,0.1100
0.10,0.10,0.00,0.80,0.00,0.00,0.00,0.00,0.00,0.00,0.00,0.00,0.0000
0.10,0.00,0.90,0.00,0.11,0.00,0.89,0.00,0.10,0.00,0.90,0.00,1.0000
0.10,0.00,0.80,0.10,0.10,0.00,0.90,0.00,0.10,0.00,0.83,0.07,0.6867
0.10,0.00,0.70,0.20,0.12,0.00,0.88,0.00,0.11,0.00,0.75,0.14,0.5717
0.10,0.00,0.60,0.30,0.12,0.00,0.88,0.00,0.11,0.00,0.69,0.20,0.4400
0.10,0.00,0.50,0.40,0.20,0.00,0.78,0.02,0.12,0.00,0.61,0.27,0.4150
0.10,0.00,0.40,0.50,0.23,0.00,0.69,0.08,0.12,0.00,0.53,0.34,0.3400
0.10,0.00,0.30,0.60,0.20,0.00,0.69,0.11,0.13,0.00,0.48,0.39,0.2550
0.10,0.00,0.20,0.70,0.23,0.00,0.52,0.25,0.14,0.00,0.41,0.46,0.1783
0.10,0.00,0.10,0.80,0.23,0.00,0.44,0.33,0.15,0.00,0.35,0.49,0.1000
0.10,0.00,0.00,0.90,0.00,0.00,0.00,0.00,0.00,0.00,0.00,0.00,0.0000
0.00,1.00,0.00,0.00,0.00,0.00,0.00,0.00,0.00,0.00,0.00,0.00,0.0000
0.00,0.90,0.10,0.00,0.00,0.00,0.00,0.00,0.00,0.00,0.00,0.00,0.0000
0.00,0.90,0.00,0.10,0.00,0.00,0.00,0.00,0.00,0.00,0.00,0.00,0.0000
0.00,0.80,0.20,0.00,0.00,0.79,0.21,0.00,0.00,0.77,0.23,0.00,0.7933
0.00,0.80,0.10,0.10,0.00,0.88,0.12,0.00,0.00,0.79,0.13,0.07,0.4600
0.00,0.80,0.00,0.20,0.00,0.00,0.00,0.00,0.00,0.00,0.00,0.00,0.0000
0.00,0.70,0.30,0.00,0.00,0.72,0.28,0.00,0.00,0.68,0.32,0.00,0.7967
0.00,0.70,0.20,0.10,0.00,0.79,0.21,0.00,0.00,0.71,0.22,0.07,0.5517
0.00,0.70,0.10,0.20,0.00,0.86,0.14,0.00,0.00,0.73,0.12,0.15,0.4350
0.00,0.70,0.00,0.30,0.00,0.00,0.00,0.00,0.00,0.00,0.00,0.00,0.0000
0.00,0.60,0.40,0.00,0.00,0.63,0.37,0.00,0.00,0.59,0.41,0.00,0.9233
0.00,0.60,0.30,0.10,0.00,0.68,0.32,0.00,0.00,0.61,0.32,0.07,0.6117
0.00,0.60,0.20,0.20,0.00,0.75,0.25,0.00,0.00,0.63,0.23,0.14,0.5300
0.00,0.60,0.10,0.30,0.00,0.87,0.13,0.00,0.00,0.66,0.13,0.21,0.3967
0.00,0.60,0.00,0.40,0.00,0.00,0.00,0.00,0.00,0.00,0.00,0.00,0.0000
0.00,0.50,0.50,0.00,0.00,0.52,0.48,0.00,0.00,0.50,0.50,0.00,0.9683
0.00,0.50,0.40,0.10,0.00,0.55,0.45,0.00,0.00,0.50,0.43,0.07,0.6383
0.00,0.50,0.30,0.20,0.00,0.58,0.42,0.00,0.00,0.52,0.34,0.14,0.5550
0.00,0.50,0.20,0.30,0.00,0.70,0.30,0.00,0.00,0.55,0.24,0.21,0.4300
0.00,0.50,0.10,0.40,0.00,0.83,0.17,0.00,0.00,0.59,0.14,0.27,0.3467
0.00,0.50,0.00,0.50,0.00,0.00,0.00,0.00,0.00,0.00,0.00,0.00,0.0000
0.00,0.40,0.60,0.00,0.00,0.41,0.59,0.00,0.00,0.41,0.59,0.00,0.9833
0.00,0.40,0.50,0.10,0.00,0.42,0.58,0.00,0.00,0.41,0.52,0.07,0.6650
0.00,0.40,0.40,0.20,0.00,0.48,0.52,0.00,0.00,0.43,0.43,0.14,0.5400
0.00,0.40,0.30,0.30,0.00,0.58,0.42,0.00,0.00,0.45,0.34,0.20,0.4350
0.00,0.40,0.20,0.40,0.00,0.72,0.28,0.00,0.00,0.48,0.25,0.27,0.3600
0.00,0.40,0.10,0.50,0.00,0.82,0.17,0.01,0.00,0.53,0.14,0.33,0.2700
0.00,0.40,0.00,0.60,0.00,0.00,0.00,0.00,0.00,0.00,0.00,0.00,0.0000
0.00,0.30,0.70,0.00,0.00,0.31,0.69,0.00,0.00,0.31,0.69,0.00,0.9967
0.00,0.30,0.60,0.10,0.00,0.31,0.69,0.00,0.00,0.31,0.62,0.07,0.6750
0.00,0.30,0.50,0.20,0.00,0.37,0.63,0.00,0.00,0.33,0.54,0.14,0.5650
0.00,0.30,0.40,0.30,0.00,0.45,0.55,0.00,0.00,0.34,0.46,0.20,0.4617
0.00,0.30,0.30,0.40,0.00,0.54,0.46,0.00,0.00,0.37,0.37,0.26,0.3550
0.00,0.30,0.20,0.50,0.00,0.66,0.33,0.01,0.00,0.40,0.26,0.34,0.2967
0.00,0.30,0.10,0.60,0.00,0.71,0.23,0.06,0.00,0.44,0.16,0.39,0.2150
0.00,0.30,0.00,0.70,0.00,0.00,0.00,0.00,0.00,0.00,0.00,0.00,0.0000
0.00,0.20,0.80,0.00,0.00,0.21,0.79,0.00,0.00,0.21,0.79,0.00,0.9967
0.00,0.20,0.70,0.10,0.00,0.20,0.80,0.00,0.00,0.21,0.72,0.07,0.6850
0.00,0.20,0.60,0.20,0.00,0.24,0.76,0.00,0.00,0.22,0.65,0.14,0.5550
0.00,0.20,0.50,0.30,0.00,0.26,0.74,0.00,0.00,0.23,0.57,0.20,0.4800
0.00,0.20,0.40,0.40,0.00,0.36,0.64,0.00,0.00,0.24,0.49,0.27,0.3700
0.00,0.20,0.30,0.50,0.00,0.39,0.56,0.05,0.00,0.26,0.40,0.34,0.3100
0.00,0.20,0.20,0.60,0.00,0.44,0.42,0.14,0.00,0.29,0.31,0.39,0.2133
0.00,0.20,0.10,0.70,0.00,0.50,0.31,0.19,0.00,0.35,0.21,0.45,0.1733
0.00,0.20,0.00,0.80,0.00,0.00,0.00,0.00,0.00,0.00,0.00,0.00,0.0000
0.00,0.10,0.90,0.00,0.00,0.11,0.89,0.00,0.00,0.10,0.90,0.00,1.0000
0.00,0.10,0.80,0.10,0.00,0.10,0.90,0.00,0.00,0.10,0.83,0.07,0.6883
0.00,0.10,0.70,0.20,0.00,0.11,0.89,0.00,0.00,0.11,0.75,0.14,0.5567
0.00,0.10,0.60,0.30,0.00,0.13,0.86,0.01,0.00,0.12,0.68,0.20,0.4483
0.00,0.10,0.50,0.40,0.00,0.19,0.77,0.04,0.00,0.12,0.61,0.27,0.3883
0.00,0.10,0.40,0.50,0.00,0.20,0.66,0.14,0.00,0.13,0.53,0.34,0.3200
0.00,0.10,0.30,0.60,0.00,0.17,0.64,0.19,0.00,0.14,0.45,0.40,0.3183
0.00,0.10,0.20,0.70,0.00,0.18,0.46,0.36,0.00,0.17,0.36,0.47,0.2550
0.00,0.10,0.10,0.80,0.00,0.23,0.31,0.46,0.00,0.21,0.27,0.52,0.1683
0.00,0.10,0.00,0.90,0.00,0.00,0.00,0.00,0.00,0.00,0.00,0.00,0.0000
0.00,0.00,1.00,0.00,0.00,0.00,1.00,0.00,0.00,0.00,1.00,0.00,1.0000
0.00,0.00,0.90,0.10,0.00,0.00,1.00,0.00,0.00,0.00,0.93,0.07,0.6883
0.00,0.00,0.80,0.20,0.00,0.00,1.00,0.00,0.00,0.00,0.86,0.14,0.6050
0.00,0.00,0.70,0.30,0.00,0.00,0.99,0.01,0.00,0.00,0.80,0.20,0.4350
0.00,0.00,0.60,0.40,0.00,0.00,0.93,0.07,0.00,0.00,0.72,0.28,0.4033
0.00,0.00,0.50,0.50,0.00,0.00,0.77,0.23,0.00,0.00,0.65,0.35,0.3617
0.00,0.00,0.40,0.60,0.00,0.00,0.61,0.39,0.00,0.00,0.58,0.42,0.4000
0.00,0.00,0.30,0.70,0.00,0.00,0.45,0.55,0.00,0.00,0.52,0.48,0.3450
0.00,0.00,0.20,0.80,0.00,0.00,0.24,0.76,0.00,0.00,0.43,0.57,0.3383
0.00,0.00,0.10,0.90,0.00,0.00,0.14,0.86,0.00,0.00,0.37,0.63,0.2533
0.00,0.00,0.00,1.00,0.00,0.00,0.00,0.00,0.00,0.00,0.00,0.00,0.0000
