area,Ru,Pd,Ag
1.000000000000000000e+00,4.748878027945233526e+01,1.148298371981575450e+01,4.102823600073190846e+01
2.000000000000000000e+00,4.860053284158112774e+01,1.231472759583816057e+01,3.908473956258070814e+01
3.000000000000000000e+00,4.971227864230434790e+01,1.314646641339893840e+01,3.714125494429671903e+01
4.000000000000000000e+00,5.082401768168367795e+01,1.397820017254422531e+01,3.519778214577210917e+01
5.000000000000000000e+00,5.193574995978078590e+01,1.480992887332017105e+01,3.325432116689903950e+01
6.000000000000000000e+00,5.304747547665735397e+01,1.564165251577292715e+01,3.131087200756971711e+01
7.000000000000000000e+00,5.415919423237508568e+01,1.647337109994862558e+01,2.936743466767628874e+01
8.000000000000000000e+00,5.527090622699562772e+01,1.730508462589342145e+01,2.742400914711095083e+01
9.000000000000000000e+00,5.638261146058069073e+01,1.813679309365344849e+01,2.548059544576585722e+01
1.000000000000000000e+01,5.749430993319191430e+01,1.896849650327486358e+01,2.353719356353321501e+01
1.100000000000000000e+01,5.860600164489101616e+01,1.980019485480379515e+01,2.159380350030519580e+01
1.200000000000000000e+01,4.367105504425294527e+01,1.372428089726986578e+01,4.260466405847719784e+01
1.300000000000000000e+01,4.478281883385813700e+01,1.455601767213511266e+01,4.066116349400674324e+01
1.400000000000000000e+01,4.589457586199181094e+01,1.538774938858365182e+01,3.871767474942453191e+01
1.500000000000000000e+01,4.700632612871562799e+01,1.621947604666163301e+01,3.677419782462274611e+01
1.600000000000000000e+01,4.811806963409126325e+01,1.705119764641518643e+01,3.483073271949353966e+01
1.700000000000000000e+01,4.922980637818042027e+01,1.788291418789048137e+01,3.288727943392910902e+01
1.800000000000000000e+01,5.034153636104475993e+01,1.871462567113363917e+01,3.094383796782160090e+01
1.900000000000000000e+01,5.145325958274597156e+01,1.954633209619080958e+01,2.900040832106321886e+01
2.000000000000000000e+01,5.256497604334570894e+01,2.037803346310814590e+01,2.705699049354614161e+01
2.100000000000000000e+01,5.367668574290569694e+01,2.120972977193178011e+01,2.511358448516253361e+01
2.200000000000000000e+01,5.478838868148756802e+01,2.204142102270786197e+01,2.317019029580457712e+01
2.300000000000000000e+01,5.590008485915301861e+01,2.287310721548252346e+01,2.122680792536446148e+01
2.400000000000000000e+01,5.701177427596370961e+01,2.370478835030191433e+01,1.928343737373436895e+01
2.500000000000000000e+01,3.985333243115608326e+01,1.596557653534891585e+01,4.418109103349500799e+01
2.600000000000000000e+01,4.096510744822200678e+01,1.679730620906656213e+01,4.223758634271142398e+01
2.700000000000000000e+01,4.207687570375044572e+01,1.762903082441242120e+01,4.029409347183712953e+01
2.800000000000000000e+01,4.318863719780306809e+01,1.846075038143264990e+01,3.835061242076428556e+01
2.900000000000000000e+01,4.430039193044155610e+01,1.929246488017337668e+01,3.640714318938506722e+01
3.000000000000000000e+01,4.541213990172759907e+01,2.012417432068076195e+01,3.446368577759164964e+01
3.100000000000000000e+01,4.652388111172286500e+01,2.095587870300093414e+01,3.252024018527620797e+01
3.200000000000000000e+01,4.763561556048903611e+01,2.178757802718005010e+01,3.057680641233091379e+01
3.300000000000000000e+01,4.874734324808780173e+01,2.261927229326424538e+01,2.863338445864795290e+01
3.400000000000000000e+01,4.985906417458082984e+01,2.345096150129965906e+01,2.668997432411949688e+01
3.500000000000000000e+01,5.097077834002982399e+01,2.428264565133244446e+01,2.474657600863774576e+01
3.600000000000000000e+01,5.208248574449640955e+01,2.511432474340873355e+01,2.280318951209486045e+01
3.700000000000000000e+01,5.319418638804231136e+01,2.594599877757466899e+01,2.085981483438302675e+01
3.800000000000000000e+01,5.430588027072916901e+01,2.677766775387639342e+01,1.891645197539444112e+01
3.900000000000000000e+01,5.541756739261869313e+01,2.760933167236003172e+01,1.697310093502128225e+01
4.000000000000000000e+01,3.603561244015905629e+01,1.820687063405448924e+01,4.575751692578645446e+01
4.100000000000000000e+01,3.714739868467002992e+01,1.903859320663409349e+01,4.381400810869587303e+01
4.200000000000000000e+01,3.825917816757755219e+01,1.987031072088683459e+01,4.187051111153561322e+01
4.300000000000000000e+01,3.937095088894329820e+01,2.070202317685886229e+01,3.992702593419784307e+01
4.400000000000000000e+01,4.048271684882894306e+01,2.153373057459632278e+01,3.798355257657473771e+01
4.500000000000000000e+01,4.159447604729618320e+01,2.236543291414535517e+01,3.604009103855846519e+01
4.600000000000000000e+01,4.270622848440670083e+01,2.319713019555210565e+01,3.409664132004120063e+01
4.700000000000000000e+01,4.381797416022216396e+01,2.402882241886271686e+01,3.215320342091511918e+01
4.800000000000000000e+01,4.492971307480425480e+01,2.486050958412333145e+01,3.020977734107241375e+01
4.900000000000000000e+01,4.604144522821466268e+01,2.569219169138009562e+01,2.826636308040524881e+01
5.000000000000000000e+01,4.715317062051505559e+01,2.652386874067913425e+01,2.632296063880581372e+01
5.100000000000000000e+01,4.826488925176711575e+01,2.735554073206660064e+01,2.437957001616628361e+01
5.200000000000000000e+01,4.937660112203251828e+01,2.818720766558863744e+01,2.243619121237884073e+01
5.300000000000000000e+01,5.048830623137293827e+01,2.901886954129138019e+01,2.049282422733568154e+01
5.400000000000000000e+01,5.160000457985005795e+01,2.985052635922096442e+01,1.854946906092898473e+01
5.500000000000000000e+01,5.271169616752553111e+01,3.068217811942353279e+01,1.660612571305093255e+01
5.600000000000000000e+01,5.382338099446105417e+01,3.151382482194521728e+01,1.466279418359372144e+01
5.700000000000000000e+01,3.221789507125917851e+01,2.044816319338817578e+01,4.733394173535265281e+01
5.800000000000000000e+01,3.332969254319950636e+01,2.127987866483929480e+01,4.539042879196120595e+01
5.900000000000000000e+01,3.444148325347041606e+01,2.211158907800847118e+01,4.344692766852110566e+01
6.000000000000000000e+01,3.555326720213359692e+01,2.294329443294186888e+01,4.150343836492454130e+01
6.100000000000000000e+01,3.666504438925072407e+01,2.377499472968561278e+01,3.955996088106365960e+01
6.200000000000000000e+01,3.777681481488348680e+01,2.460668996828585264e+01,3.761649521683065700e+01
6.300000000000000000e+01,3.888857847909356025e+01,2.543838014878874176e+01,3.567304137211770865e+01
6.400000000000000000e+01,4.000033538194262661e+01,2.627006527124040147e+01,3.372959934681696836e+01
6.500000000000000000e+01,4.111208552349236811e+01,2.710174533568699573e+01,3.178616914082063616e+01
6.600000000000000000e+01,4.222382890380447407e+01,2.793342034217465297e+01,2.984275075402088717e+01
6.700000000000000000e+01,4.333556552294059827e+01,2.876509029074951229e+01,2.789934418630989299e+01
6.800000000000000000e+01,4.444729538096244426e+01,2.959675518145771633e+01,2.595594943757985007e+01
6.900000000000000000e+01,4.555901847793165871e+01,3.042841501434541129e+01,2.401256650772292289e+01
7.000000000000000000e+01,4.667073481390995937e+01,3.126006978945873271e+01,2.206919539663131502e+01
7.100000000000000000e+01,4.778244438895898583e+01,3.209171950684381613e+01,2.012583610419719804e+01
7.200000000000000000e+01,4.889414720314043450e+01,3.292336416654680420e+01,1.818248863031276841e+01
7.300000000000000000e+01,5.000584325651596629e+01,3.375500376861382534e+01,1.623915297487020837e+01
7.400000000000000000e+01,5.111753254914727052e+01,3.458663831309102221e+01,1.429582913776171260e+01
7.500000000000000000e+01,5.222921508109600097e+01,3.541826780002453035e+01,1.235251711887946513e+01
7.600000000000000000e+01,2.951198902380772182e+01,2.352116258368375057e+01,4.696684839250853116e+01
7.700000000000000000e+01,3.062379096142635149e+01,2.435286589577892613e+01,4.502334314279472238e+01
7.800000000000000000e+01,3.173558613737127843e+01,2.518456414968323998e+01,4.307984971294548160e+01
7.900000000000000000e+01,3.284737455170420617e+01,2.601625734544282764e+01,4.113636810285296264e+01
8.000000000000000000e+01,3.395915620448680272e+01,2.684794548310384243e+01,3.919289831240935484e+01
8.100000000000000000e+01,3.507093109578075030e+01,2.767962856271241634e+01,3.724944034150684757e+01
8.200000000000000000e+01,3.618269922564773822e+01,2.851130658431468134e+01,3.530599419003757333e+01
8.300000000000000000e+01,3.729446059414944870e+01,2.934297954795681562e+01,3.336255985789374989e+01
8.400000000000000000e+01,3.840621520134754263e+01,3.017464745368492274e+01,3.141913734496753108e+01
8.500000000000000000e+01,3.951796304730372356e+01,3.100631030154515955e+01,2.947572665115111334e+01
8.600000000000000000e+01,4.062970413207966658e+01,3.183796809158366869e+01,2.753232777633667183e+01
8.700000000000000000e+01,4.174143845573703260e+01,3.266962082384657151e+01,2.558894072041639234e+01
8.800000000000000000e+01,4.285316601833751804e+01,3.350126849838003551e+01,2.364556548328245711e+01
8.900000000000000000e+01,4.396488681994276959e+01,3.433291111523016781e+01,2.170220206482705194e+01
9.000000000000000000e+01,4.507660086061450500e+01,3.516454867444312526e+01,1.975885046494236619e+01
9.100000000000000000e+01,4.618830814041437804e+01,3.599618117606504342e+01,1.781551068352058564e+01
9.200000000000000000e+01,4.730000865940404964e+01,3.682780862014205070e+01,1.587218272045389433e+01
9.300000000000000000e+01,4.841170241764520910e+01,3.765943100672028976e+01,1.392886657563449582e+01
9.400000000000000000e+01,4.952338941519952442e+01,3.849104833584588903e+01,1.198556224895457412e+01
9.500000000000000000e+01,2.569428812649199401e+01,2.576244496316904531e+01,4.854326691033896424e+01
9.600000000000000000e+01,2.680610129144264775e+01,2.659414117419978041e+01,4.659975753435757895e+01
9.700000000000000000e+01,2.791790769465364974e+01,2.742583232708457075e+01,4.465625997826178661e+01
9.800000000000000000e+01,2.902970733618667865e+01,2.825751842186956608e+01,4.271277424194375527e+01
9.900000000000000000e+01,3.014150021610342378e+01,2.908919945860089484e+01,4.076930032529567427e+01
1.000000000000000000e+02,3.125328633446556736e+01,2.992087543732471744e+01,3.882583822820971875e+01
1.010000000000000000e+02,3.236506569133478450e+01,3.075254635808716230e+01,3.688238795057804253e+01
1.020000000000000000e+02,3.347683828677277518e+01,3.158421222093437564e+01,3.493894949229284919e+01
1.030000000000000000e+02,3.458860412084120384e+01,3.241587302591250364e+01,3.299552285324629253e+01
1.040000000000000000e+02,3.570036319360174559e+01,3.324752877306767118e+01,3.105210803333057257e+01
1.050000000000000000e+02,3.681211550511609687e+01,3.407917946244603513e+01,2.910870503243787155e+01
1.060000000000000000e+02,3.792386105544592567e+01,3.491082509409370971e+01,2.716531385046036107e+01
1.070000000000000000e+02,3.903559984465291421e+01,3.574246566805685887e+01,2.522193448729022691e+01
1.080000000000000000e+02,4.014733187279873050e+01,3.657410118438161817e+01,2.327856694281965488e+01
1.090000000000000000e+02,4.125905713994505675e+01,3.740573164311410181e+01,2.133521121694083433e+01
1.100000000000000000e+02,4.237077564615357517e+01,3.823735704430047377e+01,1.939186730954596172e+01
1.110000000000000000e+02,4.348248739148593955e+01,3.906897738798684117e+01,1.744853522052721573e+01
1.120000000000000000e+02,4.459419237600385344e+01,3.990059267421936795e+01,1.550521494977678216e+01
1.130000000000000000e+02,4.570589059976896351e+01,4.073220290304416835e+01,1.356190649718686814e+01
1.140000000000000000e+02,4.681758206284295198e+01,4.156380807450738502e+01,1.161860986264965589e+01
1.150000000000000000e+02,4.792926676528750107e+01,4.239540818865516059e+01,9.675325046057347222e+00
1.160000000000000000e+02,2.298841424351660123e+01,2.883541491327261497e+01,4.817617084321078380e+01
1.170000000000000000e+02,2.410023187397798594e+01,2.966709896514744216e+01,4.623266916087456480e+01
1.180000000000000000e+02,2.521204274269543788e+01,3.049877795896739485e+01,4.428917929833716016e+01
1.190000000000000000e+02,2.632384684973065347e+01,3.133045189477861570e+01,4.234570125549073083e+01
1.200000000000000000e+02,2.743564419514531494e+01,3.216212077262724023e+01,4.040223503222745194e+01
1.210000000000000000e+02,2.854743477900108672e+01,3.299378459255941465e+01,3.845878062843949863e+01
1.220000000000000000e+02,2.965921860135966526e+01,3.382544335462127805e+01,3.651533804401906025e+01
1.230000000000000000e+02,3.077099566228273630e+01,3.465709705885897307e+01,3.457190727885829773e+01
1.240000000000000000e+02,3.188276596183196432e+01,3.548874570531862815e+01,3.262848833284940042e+01
1.250000000000000000e+02,3.299452950006904928e+01,3.632038929404640015e+01,3.068508120588455768e+01
1.260000000000000000e+02,3.410628627705564497e+01,3.715202782508841750e+01,2.874168589785593397e+01
1.270000000000000000e+02,3.521803629285345494e+01,3.798366129849080863e+01,2.679830240865573288e+01
1.280000000000000000e+02,3.632977954752414007e+01,3.881528971429973041e+01,2.485493073817612597e+01
1.290000000000000000e+02,3.744151604112938259e+01,3.964691307256130415e+01,2.291157088630930261e+01
1.300000000000000000e+02,3.855324577373086470e+01,4.047853137332168671e+01,2.096822285294745569e+01
1.310000000000000000e+02,3.966496874539024731e+01,4.131014461662697812e+01,1.902488663798276747e+01
1.320000000000000000e+02,4.077668495616921973e+01,4.214175280252334233e+01,1.708156224130743794e+01
1.330000000000000000e+02,4.188839440612944998e+01,4.297335593105690066e+01,1.513824966281365292e+01
1.340000000000000000e+02,4.300009709533259894e+01,4.380495400227379577e+01,1.319494890239360529e+01
1.350000000000000000e+02,4.411179302384036305e+01,4.463654701622015608e+01,1.125165995993948975e+01
1.360000000000000000e+02,4.522348219171438899e+01,4.546813497294211004e+01,9.308382835343502748e+00
1.370000000000000000e+02,2.028255867534160473e+01,3.190836406387344582e+01,4.780907726078494591e+01
1.380000000000000000e+02,2.139438077122780157e+01,3.274003595673791978e+01,4.586558327203428576e+01
1.390000000000000000e+02,2.250619610536579884e+01,3.357170279163857174e+01,4.392210110299562587e+01
1.400000000000000000e+02,2.361800467781727875e+01,3.440336456862156922e+01,4.197863075356116269e+01
1.410000000000000000e+02,2.472980648864391995e+01,3.523502128773302644e+01,4.003517222362305716e+01
1.420000000000000000e+02,2.584160153790741177e+01,3.606667294901908605e+01,3.809172551307349153e+01
1.430000000000000000e+02,2.695338982566943997e+01,3.689831955252591911e+01,3.614829062180465513e+01
1.440000000000000000e+02,2.806517135199166901e+01,3.772996109829962563e+01,3.420486754970870891e+01
1.450000000000000000e+02,2.917694611693579887e+01,3.856159758638636248e+01,3.226145629667784931e+01
1.460000000000000000e+02,3.028871412056348689e+01,3.939322901683226519e+01,3.031805686260424793e+01
1.470000000000000000e+02,3.140047536293642949e+01,4.022485538968346219e+01,2.837466924738009055e+01
1.480000000000000000e+02,3.251222984411631245e+01,4.105647670498611035e+01,2.643129345089757365e+01
1.490000000000000000e+02,3.362397756416478956e+01,4.188809296278633099e+01,2.448792947304887235e+01
1.500000000000000000e+02,3.473571852314355368e+01,4.271970416313027386e+01,2.254457731372618667e+01
1.510000000000000000e+02,3.584745272111426573e+01,4.355131030606404607e+01,2.060123697282168465e+01
1.520000000000000000e+02,3.695918015813861501e+01,4.438291139163379739e+01,1.865790845022757694e+01
1.530000000000000000e+02,3.807090083427826954e+01,4.521450741988567756e+01,1.671459174583604224e+01
1.540000000000000000e+02,3.918261474959490442e+01,4.604609839086580081e+01,1.477128685953928233e+01
1.550000000000000000e+02,4.029432190415020187e+01,4.687768430462031688e+01,1.282799379122949190e+01
1.560000000000000000e+02,4.140602229800581568e+01,4.770926516119532579e+01,1.088471254079885675e+01
1.570000000000000000e+02,4.251771593122342807e+01,4.854084096063699150e+01,8.941443108139583984e+00
1.580000000000000000e+02,1.757672142178105190e+01,3.498129241518270760e+01,4.744198616303624050e+01
1.590000000000000000e+02,1.868854798300614561e+01,3.581295214918236525e+01,4.549849986781148914e+01
1.600000000000000000e+02,1.980036778247876583e+01,3.664460682530928182e+01,4.355502539221195946e+01
1.610000000000000000e+02,2.091218082026059122e+01,3.747625644360957864e+01,4.161156273612982659e+01
1.620000000000000000e+02,2.202398709641331465e+01,3.830790100412941257e+01,3.966811189945727278e+01
1.630000000000000000e+02,2.313578661099861122e+01,3.913954050691491915e+01,3.772467288208647318e+01
1.640000000000000000e+02,2.424757936407816317e+01,3.997117495201223392e+01,3.578124568390961002e+01
1.650000000000000000e+02,2.535936535571365269e+01,4.080280433946749241e+01,3.383783030481885845e+01
1.660000000000000000e+02,2.647114458596676201e+01,4.163442866932684439e+01,3.189442674470640071e+01
1.670000000000000000e+02,2.758291705489915913e+01,4.246604794163641117e+01,2.995103500346442615e+01
1.680000000000000000e+02,2.869468276257253692e+01,4.329766215644234251e+01,2.800765508098512058e+01
1.690000000000000000e+02,2.980644170904856338e+01,4.412927131379076684e+01,2.606428697716067333e+01
1.700000000000000000e+02,3.091819389438892429e+01,4.496087541372781260e+01,2.412093069188325956e+01
1.710000000000000000e+02,3.202993931865529476e+01,4.579247445629962954e+01,2.217758622504507571e+01
1.720000000000000000e+02,3.314167798190933922e+01,4.662406844155233898e+01,2.023425357653831114e+01
1.730000000000000000e+02,3.425340988421275057e+01,4.745565736953209779e+01,1.829093274625516585e+01
1.740000000000000000e+02,3.536513502562718259e+01,4.828724124028499887e+01,1.634762373408781855e+01
1.750000000000000000e+02,3.647685340621432459e+01,4.911882005385720618e+01,1.440432653992846923e+01
1.760000000000000000e+02,3.758856502603584460e+01,4.995039381029484105e+01,1.246104116366931613e+01
1.770000000000000000e+02,3.870026988515340349e+01,5.078196250964403902e+01,1.051776760520255216e+01
1.780000000000000000e+02,3.981196798362869060e+01,5.161352615195092852e+01,8.574505864420380874e+00
1.790000000000000000e+02,1.487090248264899905e+01,3.805419996741157007e+01,4.707489754993942910e+01
1.800000000000000000e+02,1.598273350912707613e+01,3.888584754269196253e+01,4.513141894818096489e+01
1.810000000000000000e+02,1.709455777384840758e+01,3.971749006019066286e+01,4.318795216596092956e+01
1.820000000000000000e+02,1.820637527687467028e+01,4.054912751995382081e+01,4.124449720317150536e+01
1.830000000000000000e+02,1.931818601826755355e+01,4.138075992202756481e+01,3.930105405970487453e+01
1.840000000000000000e+02,2.042998999808873961e+01,4.221238726645804462e+01,3.735762273545321221e+01
1.850000000000000000e+02,2.154178721639991068e+01,4.304400955329138867e+01,3.541420323030869355e+01
1.860000000000000000e+02,2.265357767326274541e+01,4.387562678257373960e+01,3.347079554416351499e+01
1.870000000000000000e+02,2.376536136873891891e+01,4.470723895435123296e+01,3.152739967690984457e+01
1.880000000000000000e+02,2.487713830289012051e+01,4.553884606867000429e+01,2.958401562843987875e+01
1.890000000000000000e+02,2.598890847577801821e+01,4.637044812557618201e+01,2.764064339864579622e+01
1.900000000000000000e+02,2.710067188746429423e+01,4.720204512511590877e+01,2.569728298741979344e+01
1.910000000000000000e+02,2.821242853801063077e+01,4.803363706733532013e+01,2.375393439465405621e+01
1.920000000000000000e+02,2.932417842747869230e+01,4.886522395228053739e+01,2.181059762024076676e+01
1.930000000000000000e+02,3.043592155593016813e+01,4.969680577999772453e+01,1.986727266407212156e+01
1.940000000000000000e+02,3.154765792342671560e+01,5.052838255053296734e+01,1.792395952604031351e+01
1.950000000000000000e+02,3.265938753003002404e+01,5.135995426393243690e+01,1.598065820603753728e+01
1.960000000000000000e+02,3.377111037580176855e+01,5.219152092024224032e+01,1.403736870395599112e+01
1.970000000000000000e+02,3.488282646080359939e+01,5.302308251950852735e+01,1.209409101968786437e+01
1.980000000000000000e+02,3.599453578509721297e+01,5.385463906177743354e+01,1.015082515312536238e+01
1.990000000000000000e+02,3.710623834874426308e+01,5.468619054709505178e+01,8.207571104160679809e+00
2.000000000000000000e+02,1.216510185775950603e+01,4.112708672077121008e+01,4.670781142146928033e+01
2.010000000000000000e+02,1.327693734940465475e+01,4.195872213747786361e+01,4.476434051311748163e+01
2.020000000000000000e+02,1.438876607928878038e+01,4.279035249649390238e+01,4.282088142421731902e+01
2.030000000000000000e+02,1.550058804747357044e+01,4.362197779786545482e+01,4.087743415466098185e+01
2.040000000000000000e+02,1.661240325402070894e+01,4.445359804163864936e+01,3.893399870434064525e+01
2.050000000000000000e+02,1.772421169899187277e+01,4.528521322785963577e+01,3.699057507314849147e+01
2.060000000000000000e+02,1.883601338244875123e+01,4.611682335657454246e+01,3.504716326097670986e+01
2.070000000000000000e+02,1.994780830445301589e+01,4.694842842782951209e+01,3.310376326771746847e+01
2.080000000000000000e+02,2.105959646506635607e+01,4.778002844167068019e+01,3.116037509326297084e+01
2.090000000000000000e+02,2.217137786435043623e+01,4.861162339814417521e+01,2.921699873750538856e+01
2.100000000000000000e+02,2.328315250236694567e+01,4.944321329729612557e+01,2.727363420033691455e+01
2.110000000000000000e+02,2.439492037917756306e+01,5.027479813917269524e+01,2.533028148164973459e+01
2.120000000000000000e+02,2.550668149484396352e+01,5.110637792381999134e+01,2.338694058133604514e+01
2.130000000000000000e+02,2.661843584942782570e+01,5.193795265128414940e+01,2.144361149928803556e+01
2.140000000000000000e+02,2.773018344299080695e+01,5.276952232161129785e+01,1.950029423539789164e+01
2.150000000000000000e+02,2.884192427559460370e+01,5.360108693484757225e+01,1.755698878955781339e+01
2.160000000000000000e+02,2.995365834730088039e+01,5.443264649103911523e+01,1.561369516165999549e+01
2.170000000000000000e+02,3.106538565817131925e+01,5.526420099023204813e+01,1.367041335159663085e+01
2.180000000000000000e+02,3.217710620826758117e+01,5.609575043247251358e+01,1.172714335925992479e+01
2.190000000000000000e+02,3.328881999765133060e+01,5.692729481780659739e+01,9.783885184542064906e+00
2.200000000000000000e+02,3.440052702638426041e+01,5.775883414628049195e+01,7.840638827335265404e+00
2.210000000000000000e+02,9.459319546926638012e+00,4.419995267547277962e+01,4.634072777760059125e+01
2.220000000000000000e+02,1.057115950365294132e+01,4.503157593375124179e+01,4.439726456259581511e+01
2.230000000000000000e+02,1.168299269861395473e+01,4.586319413443015236e+01,4.245381316695589646e+01
2.240000000000000000e+02,1.279481913187136044e+01,4.669480727755562555e+01,4.051037359057301046e+01
2.250000000000000000e+02,1.390663880348684067e+01,4.752641536317380400e+01,3.856694583333934645e+01
2.260000000000000000e+02,1.501845171352207942e+01,4.835801839133083746e+01,3.662352989514708668e+01
2.270000000000000000e+02,1.613025786203875001e+01,4.918961636207284016e+01,3.468012577588840628e+01
2.280000000000000000e+02,1.724205724909853998e+01,5.002120927544595475e+01,3.273673347545550172e+01
2.290000000000000000e+02,1.835384987476313157e+01,5.085279713149633096e+01,3.079335299374053747e+01
2.300000000000000000e+02,1.946563573909419276e+01,5.168437993027007593e+01,2.884998433063572065e+01
2.310000000000000000e+02,2.057741484215341288e+01,5.251595767181335361e+01,2.690662748603323706e+01
2.320000000000000000e+02,2.168918718400246348e+01,5.334753035617225692e+01,2.496328245982527250e+01
2.330000000000000000e+02,2.280095276470302679e+01,5.417909798339295691e+01,2.301994925190401631e+01
2.340000000000000000e+02,2.391271158431676724e+01,5.501066055352157491e+01,2.107662786216166495e+01
2.350000000000000000e+02,2.502446364290536351e+01,5.584221806660421805e+01,1.913331829049040422e+01
2.360000000000000000e+02,2.613620894053050137e+01,5.667377052268705029e+01,1.719002053678244479e+01
2.370000000000000000e+02,2.724794747725384880e+01,5.750531792181617874e+01,1.524673460092997068e+01
2.380000000000000000e+02,2.835967925313706672e+01,5.833686026403774605e+01,1.330346048282518012e+01
2.390000000000000000e+02,2.947140426824184090e+01,5.916839754939788065e+01,1.136019818236027845e+01
2.400000000000000000e+02,3.058312252262983932e+01,5.999992977794270388e+01,9.416947699427460350e+00
2.410000000000000000e+02,3.169483401636273356e+01,6.083145694971834416e+01,7.473709033918931155e+00
2.420000000000000000e+02,7.865399971686006353e+00,4.810440893172325616e+01,4.403019109659073393e+01
2.430000000000000000e+02,8.977237631637995818e+00,4.893601497421056479e+01,4.208674739415143762e+01
2.440000000000000000e+02,1.008906852988210545e+01,4.976761595923550630e+01,4.014331551088239536e+01
2.450000000000000000e+02,1.120089266648002280e+01,5.059921188684420912e+01,3.819989544667577519e+01
2.460000000000000000e+02,1.231271004149342296e+01,5.143080275708280169e+01,3.625648720142378068e+01
2.470000000000000000e+02,1.342452065498398461e+01,5.226238856999743376e+01,3.431309077501858695e+01
2.480000000000000000e+02,1.453632450701339351e+01,5.309396932563422666e+01,3.236970616735238337e+01
2.490000000000000000e+02,1.564812159764332833e+01,5.392554502403932304e+01,3.042633337831734508e+01
2.500000000000000000e+02,1.675991192693546594e+01,5.475711566525885843e+01,2.848297240780567918e+01
2.510000000000000000e+02,1.787169549495148857e+01,5.558868124933895416e+01,2.653962325570956082e+01
2.520000000000000000e+02,1.898347230175306422e+01,5.642024177632573867e+01,2.459628592192118646e+01
2.530000000000000000e+02,2.009524234740187865e+01,5.725179724626536881e+01,2.265296040633274899e+01
2.540000000000000000e+02,2.120700563195960342e+01,5.808334765920395171e+01,2.070964670883644132e+01
2.550000000000000000e+02,2.231876215548792075e+01,5.891489301518761579e+01,1.876634482932445991e+01
2.560000000000000000e+02,2.343051191804849154e+01,5.974643331426250370e+01,1.682305476768899410e+01
2.570000000000000000e+02,2.454225491970299800e+01,6.057796855647475098e+01,1.487977652382225280e+01
2.580000000000000000e+02,2.565399116051311168e+01,6.140949874187047186e+01,1.293651009761642712e+01
2.590000000000000000e+02,2.676572064054049704e+01,6.224102387049578056e+01,1.099325548896371707e+01
2.600000000000000000e+02,2.787744335984683630e+01,6.307254394239684103e+01,9.050012697756326219e+00
2.610000000000000000e+02,5.159658753317915014e+00,5.117722113160505160e+01,4.366312011507703517e+01
2.620000000000000000e+02,6.271500878174974147e+00,5.200881501604630586e+01,4.171968410577872532e+01
2.630000000000000000e+02,7.383336241319880422e+00,5.284040384311623484e+01,3.977625991556389096e+01
2.640000000000000000e+02,8.495164842814324047e+00,5.367198761286098119e+01,3.783284754432470010e+01
2.650000000000000000e+02,9.606986682719979243e+00,5.450356632532668044e+01,3.588944699195334920e+01
2.660000000000000000e+02,1.071880176109852378e+01,5.533513998055945393e+01,3.394605825834201340e+01
2.670000000000000000e+02,1.183061007801164699e+01,5.616670857860546562e+01,3.200268134338288917e+01
2.680000000000000000e+02,1.294241163352102220e+01,5.699827211951081551e+01,3.005931624696816584e+01
2.690000000000000000e+02,1.405420642768833162e+01,5.782983060332163916e+01,2.811596296899002567e+01
2.700000000000000000e+02,1.516599446057524858e+01,5.866138403008409341e+01,2.617262150934066156e+01
2.710000000000000000e+02,1.627777573224345886e+01,5.949293239984429249e+01,2.422929186791226286e+01
2.720000000000000000e+02,1.738955024275462335e+01,6.032447571264835062e+01,2.228597404459702602e+01
2.730000000000000000e+02,1.850131799217043138e+01,6.115601396854243177e+01,2.034266803928714751e+01
2.740000000000000000e+02,1.961307898055254739e+01,6.198754716757262173e+01,1.839937385187482377e+01
2.750000000000000000e+02,2.072483320796265360e+01,6.281907530978509158e+01,1.645609148225225127e+01
2.760000000000000000e+02,2.183658067446242512e+01,6.365059839522595553e+01,1.451282093031162646e+01
2.770000000000000000e+02,2.294832138011352285e+01,6.448211642394132070e+01,1.256956219594514934e+01
2.780000000000000000e+02,2.406005532497762900e+01,6.531362939597734396e+01,1.062631527904502704e+01
2.790000000000000000e+02,2.517178250911641513e+01,6.614513731138012531e+01,8.683080179503454232e+00
2.800000000000000000e+02,3.565782438038960667e+00,5.508159426014850624e+01,4.135262330181253532e+01
2.810000000000000000e+02,4.677622265998756745e+00,5.591317092940896316e+01,3.940920680459228009e+01
2.820000000000000000e+02,5.789455332303821145e+00,5.674474254143528640e+01,3.746580212626089690e+01
2.830000000000000000e+02,6.901281637015824089e+00,5.757630909627361149e+01,3.552240926671056087e+01
2.840000000000000000e+02,8.013101180196450457e+00,5.840787059397006686e+01,3.357902822583347557e+01
2.850000000000000000e+02,9.124913961907383353e+00,5.923942703457080228e+01,3.163565900352181615e+01
2.860000000000000000e+02,1.023671998221029611e+01,6.007097841812193195e+01,2.969230159966776839e+01
2.870000000000000000e+02,1.134851924116687272e+01,6.090252474466958432e+01,2.774895601416354651e+01
2.880000000000000000e+02,1.246031173883878473e+01,6.173406601425990203e+01,2.580562224690131146e+01
2.890000000000000000e+02,1.357209747528771437e+01,6.256560222693900641e+01,2.386230029777327388e+01
2.900000000000000000e+02,1.468387645057533319e+01,6.339713338275303300e+01,2.191899016667163025e+01
2.910000000000000000e+02,1.579564866476332341e+01,6.422865948174811024e+01,1.997569185348857346e+01
2.920000000000000000e+02,1.690741411791335125e+01,6.506018052397037366e+01,1.803240535811629286e+01
2.930000000000000000e+02,1.801917281008709182e+01,6.589169650946591617e+01,1.608913068044699557e+01
2.940000000000000000e+02,1.913092474134622378e+01,6.672320743828089462e+01,1.414586782037287804e+01
2.950000000000000000e+02,2.024266991175241870e+01,6.755471331046145167e+01,1.220261677778614384e+01
2.960000000000000000e+02,2.135440832136733746e+01,6.838621412605367311e+01,1.025937755257899298e+01
2.970000000000000000e+02,1.971926603732811145e+00,5.898591721832483614e+01,3.904215617794234561e+01
2.980000000000000000e+02,3.083764134762594367e+00,5.981747667277826963e+01,3.709875919245914844e+01
2.990000000000000000e+02,4.195594904195042218e+00,6.064903107013473971e+01,3.515537402567021275e+01
3.000000000000000000e+02,5.307418912091846686e+00,6.148058041044039612e+01,3.321200067746774209e+01
3.010000000000000000e+02,6.419236158514683765e+00,6.231212469374138863e+01,3.126863914774393294e+01
3.020000000000000000e+02,7.531046643525233009e+00,6.314366392008380302e+01,2.932528943639096042e+01
3.030000000000000000e+02,8.642850367185172189e+00,6.397519808951381037e+01,2.738195154330102454e+01
3.040000000000000000e+02,9.754647329556181745e+00,6.480672720207751070e+01,2.543862546836630401e+01
3.050000000000000000e+02,1.086643753069993323e+01,6.563825125782103953e+01,2.349531121147902013e+01
3.060000000000000000e+02,1.197822097067810532e+01,6.646977025679055373e+01,2.155200877253134806e+01
3.070000000000000000e+02,1.308999764955237310e+01,6.730128419903212489e+01,1.960871815141549135e+01
3.080000000000000000e+02,1.420176756738440993e+01,6.813279308459195249e+01,1.766543934802364646e+01
3.090000000000000000e+02,1.531353072423588735e+01,6.896429691351609392e+01,1.572217236224801340e+01
3.100000000000000000e+02,1.642528712016848758e+01,6.979579568585072025e+01,1.377891719398079395e+01
3.110000000000000000e+02,1.753703675524387151e+01,7.062728940164193148e+01,1.183567384311419346e+01
3.120000000000000000e+02,3.780912500047159952e-01,6.289019000710106866e+01,3.673171874289422334e+01
3.130000000000000000e+02,1.489926484071710799e+00,6.372173224712119577e+01,3.478834126880707345e+01
3.140000000000000000e+02,2.601754956598790081e+00,6.455326943018160080e+01,3.284497561321961712e+01
3.150000000000000000e+02,3.713576667647632057e+00,6.538480155632834112e+01,3.090162177602401883e+01
3.160000000000000000e+02,4.825391617279917611e+00,6.621632862560757360e+01,2.895827975711250346e+01
3.170000000000000000e+02,5.937199805557321852e+00,6.704785063806544088e+01,2.701494955637724260e+01
3.180000000000000000e+02,7.049001232541525219e+00,6.787936759374802875e+01,2.507163117371042915e+01
3.190000000000000000e+02,8.160795898294201933e+00,6.871087949270150830e+01,2.312832460900427378e+01
3.200000000000000000e+02,9.272583802877026216e+00,6.954238633497200794e+01,2.118502986215096229e+01
3.210000000000000000e+02,1.038436494635167762e+01,7.037388812060562771e+01,1.924174693304269468e+01
3.220000000000000000e+02,1.149613932877982592e+01,7.120538484964849602e+01,1.729847582157167096e+01
3.230000000000000000e+02,1.260790695022314623e+01,7.203687652214676973e+01,1.535521652763009115e+01
3.240000000000000000e+02,1.371966781074331010e+01,7.286836313814652044e+01,1.341196905111016235e+01
3.250000000000000000e+02,-1.215723623540082121e+00,6.679441262744416008e+01,3.442131099609593292e+01
3.260000000000000000e+02,-1.038906864686288539e-01,6.762593765340479024e+01,3.247795303306385506e+01
3.270000000000000000e+02,1.007935489120318717e+00,6.845745762254280464e+01,3.053460688833687442e+01
3.280000000000000000e+02,2.119754903288439074e+00,6.928897253490437436e+01,2.859127256180718391e+01
3.290000000000000000e+02,3.231567556097409533e+00,7.012048239053559939e+01,2.664795005336697997e+01
3.300000000000000000e+02,4.343373447608908755e+00,7.095198718948263661e+01,2.470463936290846263e+01
3.310000000000000000e+02,5.455172577884610519e+00,7.178348693179157181e+01,2.276134049032382123e+01
3.320000000000000000e+02,6.566964946986192153e+00,7.261498161750856184e+01,2.081805343550525578e+01
3.330000000000000000e+02,7.678750554975328768e+00,7.344647124667970672e+01,1.887477819834496984e+01
3.340000000000000000e+02,8.790529401913692809e+00,7.427795581935113489e+01,1.693151477873515276e+01
3.350000000000000000e+02,9.902301487862960272e+00,7.510943533556900320e+01,1.498826317656802232e+01
3.360000000000000000e+02,-1.697687377253175756e+00,7.153009289259591696e+01,3.016759448465725768e+01
3.370000000000000000e+02,-5.858634986351173302e-01,7.236159564818532886e+01,2.822426785044978459e+01
3.380000000000000000e+02,5.259536186195226115e-01,7.319309334713544501e+01,2.628095303424503726e+01
3.390000000000000000e+02,1.637763974572421066e+00,7.402458598949237967e+01,2.433765003593518728e+01
3.400000000000000000e+02,2.749567569285254365e+00,7.485607357530228967e+01,2.239435885541244886e+01
3.410000000000000000e+02,3.861364402819699393e+00,7.568755610461127503e+01,2.045107949256901847e+01
3.420000000000000000e+02,4.973154475237427263e+00,7.651903357746547840e+01,1.850781194729709966e+01
